<?xml version="1.0" encoding="UTF-8"?>
<GenRun Id="axi_crossbar_1x2_synth_1" LaunchPart="xc7a200tfbg676-2" LaunchTime="1604984265">
  <File Type="PA-TCL" Name="axi_crossbar_1x2.tcl"/>
  <File Type="REPORTS-TCL" Name="axi_crossbar_1x2_reports.tcl"/>
  <File Type="RDS-RDS" Name="axi_crossbar_1x2.vds"/>
  <File Type="RDS-UTIL" Name="axi_crossbar_1x2_utilization_synth.rpt"/>
  <File Type="RDS-UTIL-PB" Name="axi_crossbar_1x2_utilization_synth.pb"/>
  <File Type="RDS-DCP" Name="axi_crossbar_1x2.dcp"/>
  <FileSet Name="sources" Type="BlockSrcs" RelSrcDir="$PSRCDIR/axi_crossbar_1x2">
    <File Path="$PPRDIR/../../rtl/xilinx_ip/axi_crossbar_1x2/axi_crossbar_1x2.xci">
      <FileInfo>
        <Attr Name="UsedIn" Val="synthesis"/>
        <Attr Name="UsedIn" Val="implementation"/>
        <Attr Name="UsedIn" Val="simulation"/>
      </FileInfo>
    </File>
    <Config>
      <Option Name="TopModule" Val="axi_crossbar_1x2"/>
      <Option Name="UseBlackboxStub" Val="1"/>
    </Config>
  </FileSet>
  <FileSet Name="constrs_in" Type="BlockSrcs" RelSrcDir="$PSRCDIR/axi_crossbar_1x2">
    <File Path="$PPRDIR/../../rtl/xilinx_ip/axi_crossbar_1x2/axi_crossbar_1x2.xci">
      <FileInfo>
        <Attr Name="UsedIn" Val="synthesis"/>
        <Attr Name="UsedIn" Val="implementation"/>
        <Attr Name="UsedIn" Val="simulation"/>
      </FileInfo>
    </File>
    <Config>
      <Option Name="TopModule" Val="axi_crossbar_1x2"/>
      <Option Name="UseBlackboxStub" Val="1"/>
    </Config>
  </FileSet>
  <FileSet Name="utils" Type="Utils" RelSrcDir="$PSRCDIR/utils_1">
    <Filter Type="Utils"/>
    <Config>
      <Option Name="TopAutoSet" Val="TRUE"/>
    </Config>
  </FileSet>
  <Strategy Version="1" Minor="2">
    <StratHandle Name="Vivado Synthesis Defaults" Flow="Vivado Synthesis 2019"/>
    <Step Id="synth_design"/>
  </Strategy>
</GenRun>
