<?xml version="1.0" encoding="UTF-8"?>
<GenRun Id="signed_mult_synth_1" LaunchPart="xc7a200tfbg676-2" LaunchTime="1669348399">
  <File Type="PA-TCL" Name="signed_mult.tcl"/>
  <File Type="REPORTS-TCL" Name="signed_mult_reports.tcl"/>
  <File Type="RDS-RDS" Name="signed_mult.vds"/>
  <File Type="RDS-UTIL" Name="signed_mult_utilization_synth.rpt"/>
  <File Type="RDS-UTIL-PB" Name="signed_mult_utilization_synth.pb"/>
  <File Type="RDS-DCP" Name="signed_mult.dcp"/>
  <FileSet Name="sources" Type="BlockSrcs" RelSrcDir="$PSRCDIR/signed_mult">
    <File Path="$PPRDIR/../../rtl/xilinx_ip/signed_mult/signed_mult.xci">
      <FileInfo>
        <Attr Name="UsedIn" Val="synthesis"/>
        <Attr Name="UsedIn" Val="implementation"/>
        <Attr Name="UsedIn" Val="simulation"/>
      </FileInfo>
    </File>
    <Config>
      <Option Name="TopModule" Val="signed_mult"/>
      <Option Name="UseBlackboxStub" Val="1"/>
    </Config>
  </FileSet>
  <FileSet Name="constrs_in" Type="BlockSrcs" RelSrcDir="$PSRCDIR/signed_mult">
    <File Path="$PPRDIR/../../rtl/xilinx_ip/signed_mult/signed_mult.xci">
      <FileInfo>
        <Attr Name="UsedIn" Val="synthesis"/>
        <Attr Name="UsedIn" Val="implementation"/>
        <Attr Name="UsedIn" Val="simulation"/>
      </FileInfo>
    </File>
    <Config>
      <Option Name="TopModule" Val="signed_mult"/>
      <Option Name="UseBlackboxStub" Val="1"/>
    </Config>
  </FileSet>
  <FileSet Name="utils" Type="Utils" RelSrcDir="$PSRCDIR/utils_1">
    <Filter Type="Utils"/>
    <Config>
      <Option Name="TopAutoSet" Val="TRUE"/>
    </Config>
  </FileSet>
  <Strategy Version="1" Minor="2">
    <StratHandle Name="Vivado Synthesis Defaults" Flow="Vivado Synthesis 2019"/>
    <Step Id="synth_design"/>
  </Strategy>
</GenRun>
