<?xml version="1.0" encoding="UTF-8"?>
<GenRun Id="axi_clock_converter_synth_1" LaunchPart="xc7a200tfbg676-2" LaunchTime="1669348399">
  <File Type="PA-TCL" Name="axi_clock_converter.tcl"/>
  <File Type="REPORTS-TCL" Name="axi_clock_converter_reports.tcl"/>
  <File Type="RDS-RDS" Name="axi_clock_converter.vds"/>
  <File Type="RDS-UTIL" Name="axi_clock_converter_utilization_synth.rpt"/>
  <File Type="RDS-UTIL-PB" Name="axi_clock_converter_utilization_synth.pb"/>
  <File Type="RDS-DCP" Name="axi_clock_converter.dcp"/>
  <FileSet Name="sources" Type="BlockSrcs" RelSrcDir="$PSRCDIR/axi_clock_converter">
    <File Path="$PPRDIR/../../rtl/xilinx_ip/axi_clock_converter/axi_clock_converter.xci">
      <FileInfo>
        <Attr Name="UsedIn" Val="synthesis"/>
        <Attr Name="UsedIn" Val="implementation"/>
        <Attr Name="UsedIn" Val="simulation"/>
      </FileInfo>
    </File>
    <Config>
      <Option Name="TopModule" Val="axi_clock_converter"/>
      <Option Name="UseBlackboxStub" Val="1"/>
    </Config>
  </FileSet>
  <FileSet Name="constrs_in" Type="BlockSrcs" RelSrcDir="$PSRCDIR/axi_clock_converter">
    <File Path="$PPRDIR/../../rtl/xilinx_ip/axi_clock_converter/axi_clock_converter.xci">
      <FileInfo>
        <Attr Name="UsedIn" Val="synthesis"/>
        <Attr Name="UsedIn" Val="implementation"/>
        <Attr Name="UsedIn" Val="simulation"/>
      </FileInfo>
    </File>
    <Config>
      <Option Name="TopModule" Val="axi_clock_converter"/>
      <Option Name="UseBlackboxStub" Val="1"/>
    </Config>
  </FileSet>
  <FileSet Name="utils" Type="Utils" RelSrcDir="$PSRCDIR/utils_1">
    <Filter Type="Utils"/>
    <Config>
      <Option Name="TopAutoSet" Val="TRUE"/>
    </Config>
  </FileSet>
  <Strategy Version="1" Minor="2">
    <StratHandle Name="Vivado Synthesis Defaults" Flow="Vivado Synthesis 2019"/>
    <Step Id="synth_design"/>
  </Strategy>
</GenRun>
