<?xml version="1.0" encoding="UTF-8"?>
<GenRun Id="clk_pll_synth_1" LaunchPart="xc7a200tfbg676-2" LaunchTime="1604984265">
  <File Type="PA-TCL" Name="clk_pll.tcl"/>
  <File Type="REPORTS-TCL" Name="clk_pll_reports.tcl"/>
  <File Type="RDS-RDS" Name="clk_pll.vds"/>
  <File Type="RDS-UTIL" Name="clk_pll_utilization_synth.rpt"/>
  <File Type="RDS-UTIL-PB" Name="clk_pll_utilization_synth.pb"/>
  <File Type="RDS-DCP" Name="clk_pll.dcp"/>
  <FileSet Name="sources" Type="BlockSrcs" RelSrcDir="$PSRCDIR/clk_pll">
    <File Path="$PPRDIR/../../rtl/xilinx_ip/clk_pll/clk_pll.xci">
      <FileInfo>
        <Attr Name="UsedIn" Val="synthesis"/>
        <Attr Name="UsedIn" Val="implementation"/>
        <Attr Name="UsedIn" Val="simulation"/>
      </FileInfo>
    </File>
    <Config>
      <Option Name="TopModule" Val="clk_pll"/>
      <Option Name="UseBlackboxStub" Val="1"/>
    </Config>
  </FileSet>
  <FileSet Name="constrs_in" Type="BlockSrcs" RelSrcDir="$PSRCDIR/clk_pll">
    <File Path="$PPRDIR/../../rtl/xilinx_ip/clk_pll/clk_pll.xci">
      <FileInfo>
        <Attr Name="UsedIn" Val="synthesis"/>
        <Attr Name="UsedIn" Val="implementation"/>
        <Attr Name="UsedIn" Val="simulation"/>
      </FileInfo>
    </File>
    <Config>
      <Option Name="TopModule" Val="clk_pll"/>
      <Option Name="UseBlackboxStub" Val="1"/>
    </Config>
  </FileSet>
  <FileSet Name="utils" Type="Utils" RelSrcDir="$PSRCDIR/utils_1">
    <Filter Type="Utils"/>
    <Config>
      <Option Name="TopAutoSet" Val="TRUE"/>
    </Config>
  </FileSet>
  <Strategy Version="1" Minor="2">
    <StratHandle Name="Vivado Synthesis Defaults" Flow="Vivado Synthesis 2019"/>
    <Step Id="synth_design"/>
  </Strategy>
</GenRun>
